train_lang,test_lang,acc,f1
af,af,0.9783366991004222,0.9137529137529137
af,ar,0.7936880745360937,0.54684703433923
af,bg,0.9039625756741883,0.7669650789311829
af,bn,0.7090116945654666,0.5616319444444444
af,de,0.9212719186135678,0.7317038256450632
af,el,0.9153074167204432,0.738315481986368
af,en,0.8121212873745902,0.6116119227713881
af,es,0.8549643240218253,0.742525308012242
af,et,0.9197802061804636,0.7631231016616045
af,eu,0.9146871394528849,0.6805305507587169
af,fa,0.7027338081497173,0.4558275108234386
af,fi,0.9205581751597692,0.7698808534220005
af,fr,0.8513485781295808,0.7066483128092563
af,he,0.8404251603664854,0.5497354891587811
af,hi,0.8162878787878788,0.6629392971246005
af,hu,0.9287661050545094,0.783078813410567
af,id,0.716553873984462,0.5010400722163351
af,it,0.8866320854946566,0.7416966053229708
af,ja,0.7539455664729893,0.17042127278159544
af,jv,0.8102564102564103,0.5975103734439834
af,ka,0.877696866644488,0.6596085478767043
af,kk,0.912178131608409,0.6959403479701739
af,ko,0.8343401084346298,0.5406767458603311
af,ml,0.8643416370106761,0.6183936745734498
af,mr,0.8580736543909349,0.6427161468614291
af,ms,0.7927390489176751,0.5804255319148937
af,my,0.8194607268464243,0.47698744769874474
af,nl,0.9028593159508473,0.7436094349972574
af,pt,0.8341079951336682,0.7027680223556512
af,ru,0.8232615717355113,0.5930723962241795
af,sw,0.7676947762524514,0.637765735723218
af,ta,0.8243521184697655,0.5323383084577115
af,te,0.8603960396039604,0.5385878489326766
af,th,0.5236505181310391,0.02103712509853076
af,tl,0.6977420076011626,0.5619307832422586
af,tr,0.9068615830370078,0.7870083959346001
af,ur,0.8010741993236523,0.6165273909006499
af,vi,0.7530752701566441,0.550006165988408
af,yo,0.5071574642126789,0.2819383259911894
af,zh,0.7814837000776855,0.20347977965873976
ar,af,0.905727923627685,0.6923076923076923
ar,ar,0.957023533620569,0.9003436426116839
ar,bg,0.9213467014428944,0.8043455839378417
ar,bn,0.7709240999770695,0.634558512885509
ar,de,0.9005981289300138,0.6892714440419733
ar,el,0.9141391664255991,0.7282517649874356
ar,en,0.7639440746995133,0.5337026777469991
ar,es,0.8245892210356138,0.693229039354681
ar,et,0.8828508842493472,0.6975101921956902
ar,eu,0.8537216549314758,0.5881296826986154
ar,fa,0.7356429202875586,0.43060407259095174
ar,fi,0.8989923167141387,0.733425463307466
ar,fr,0.8448548812664908,0.7113154895256062
ar,he,0.8626378104008289,0.619455859430353
ar,hi,0.8359159779614325,0.6837085082029759
ar,hu,0.9104761690242364,0.739523945267959
ar,id,0.6758354465136562,0.49459715639810425
ar,it,0.8638585088431973,0.7068474158514981
ar,ja,0.7465895946071718,0.2051341781587775
ar,jv,0.7504273504273504,0.4953271028037383
ar,ka,0.8650673369558521,0.6628372760940218
ar,kk,0.8451299912924493,0.5338521400778211
ar,ko,0.8538236823211943,0.5835421605147308
ar,ml,0.8872597864768683,0.6721375537319265
ar,mr,0.8848441926345609,0.6765263557072432
ar,ms,0.6347366626896199,0.46835443037974683
ar,my,0.8253223915592028,0.59375
ar,nl,0.888574620302807,0.7237045703287164
ar,pt,0.8128333905231306,0.696056237340641
ar,ru,0.8054326327921569,0.504771768883628
ar,sw,0.7111784631841683,0.5472197705207413
ar,ta,0.8634306869600987,0.6163472819710598
ar,te,0.8818069306930693,0.5949605114704777
ar,th,0.7054764393448516,0.017239746140001896
ar,tl,0.5577911915940085,0.4095796676441838
ar,tr,0.8618332674832082,0.6873531863302266
ar,ur,0.8518002784961209,0.6207505518763796
ar,vi,0.7628382797172308,0.5565712827926358
ar,yo,0.4274028629856851,0.2528735632183908
ar,zh,0.8047191621194111,0.3067256523690453
bg,af,0.914815494767762,0.7471143756558237
bg,ar,0.7592353517599664,0.5434561195043286
bg,bg,0.9759039027541815,0.9339935144182154
bg,bn,0.6801192387067186,0.5347732181425486
bg,de,0.8947497571698788,0.6760306040881582
bg,el,0.9229844900865618,0.7580737940668913
bg,en,0.7537250422171451,0.5421804511278197
bg,es,0.7922709819832424,0.6533901135604544
bg,et,0.8858705741123473,0.699244409006341
bg,eu,0.846820715756785,0.5532923487149101
bg,fa,0.6451553717078378,0.41388495080981225
bg,fi,0.9010387993968262,0.7304894542530249
bg,fr,0.7873350923482849,0.6279201817001947
bg,he,0.8330558692387394,0.5429914498278863
bg,hi,0.8126721763085399,0.6658832745789268
bg,hu,0.9129651319938733,0.7461448083419003
bg,id,0.6821507599373314,0.5069272276505761
bg,it,0.8546090869320667,0.6795970768319178
bg,ja,0.716670433846113,0.23645345155161496
bg,jv,0.764102564102564,0.5096153846153846
bg,ka,0.9129856208183935,0.7286809575966202
bg,kk,0.8432640875730812,0.5026737967914439
bg,ko,0.8511623301067016,0.5538072897870805
bg,ml,0.878576512455516,0.6663872590108969
bg,mr,0.8668555240793201,0.6687598116169545
bg,ms,0.6541673768535878,0.44341801385681295
bg,my,0.8300117233294255,0.5972222222222222
bg,nl,0.8777125472393221,0.7082441738318485
bg,pt,0.7937735907914029,0.6629074185162968
bg,ru,0.8890280169040539,0.7171330465327387
bg,sw,0.6867534319843109,0.4931506849315069
bg,ta,0.8450569038804333,0.5821443130860172
bg,te,0.8665841584158416,0.5462698736241336
bg,th,0.33821588872124975,0.022622570705067575
bg,tl,0.5369997764363962,0.39253279515640765
bg,tr,0.8706835242986962,0.6932956196009479
bg,ur,0.7598965585836484,0.5639614855570838
bg,vi,0.757793279561521,0.5632290153615915
bg,yo,0.37423312883435583,0.20359281437125745
bg,zh,0.7440027704720098,0.28397726236434934
bn,af,0.8590967505048651,0.5403899721448469
bn,ar,0.6772487595464373,0.3567345260127493
bn,bg,0.8835036251824555,0.7216587318015594
bn,bn,0.9784453107085531,0.960035922766053
bn,de,0.8796891774449159,0.623369829229102
bn,el,0.8699459267006386,0.6144936609798092
bn,en,0.7812034369722857,0.5526825878652671
bn,es,0.737847627042236,0.5506168933881682
bn,et,0.8582230857765182,0.6277212558801006
bn,eu,0.8548861884172049,0.549481229956612
bn,fa,0.6655046453054893,0.36824281951586607
bn,fi,0.8735728476028627,0.6621493624772313
bn,fr,0.8108765757842274,0.6468065011215616
bn,he,0.8076766359709885,0.4922195219268018
bn,hi,0.8171487603305785,0.6698795180722893
bn,hu,0.8777705198666547,0.661899897854954
bn,id,0.6464070550611342,0.4029981146824849
bn,it,0.8299106305855884,0.6323999688011855
bn,ja,0.7287564319049076,0.2247911006305429
bn,jv,0.7606837606837606,0.5094339622641509
bn,ka,0.8367402259761703,0.6130746130746131
bn,kk,0.8297051872123399,0.4263135412217002
bn,ko,0.8155249671972866,0.4946630499876704
bn,ml,0.8462633451957295,0.6053249804228661
bn,mr,0.8084985835694051,0.5434451219512194
bn,ms,0.7240497698994375,0.4977085242896426
bn,my,0.8405627198124267,0.5980066445182725
bn,nl,0.8563805766168326,0.6388921214942396
bn,pt,0.7693015566023022,0.6217394751446921
bn,ru,0.7872195108069266,0.5270222257313173
bn,sw,0.7067213407024425,0.5526910900045229
bn,ta,0.8371040723981901,0.5688960515713135
bn,te,0.8508663366336634,0.5326474079936684
bn,th,0.3539497933939672,0.03934634648896877
bn,tl,0.6651017214397497,0.5471066475370636
bn,tr,0.8351244567364678,0.6261310718206944
bn,ur,0.7336383528943704,0.4667547335975341
bn,vi,0.6989660863878422,0.4539818372336709
bn,yo,0.4601226993865031,0.26519337016574585
bn,zh,0.7877734203161708,0.3152872320122145
de,af,0.9138057646410869,0.7496740547588004
de,ar,0.8070491981770388,0.606611993849308
de,bg,0.8624943169581968,0.7139962218787567
de,bn,0.7532675991745013,0.6577701248385708
de,de,0.969745923010071,0.8893776591908847
de,el,0.8964485191036738,0.7267670547101593
de,en,0.7782979040429124,0.5664508377277886
de,es,0.8541559794183028,0.7533196935050346
de,et,0.8496466715344727,0.6790396850504411
de,eu,0.8436074659535696,0.5584155774873298
de,fa,0.6480910046202859,0.4110558137621848
de,fi,0.8651236267024103,0.7022791047840669
de,fr,0.8396364702433304,0.7201748436204687
de,he,0.8301221230077884,0.5506303963007116
de,hi,0.7763429752066116,0.6210045662100456
de,hu,0.8799441391116317,0.715390215996949
de,id,0.6636732188716424,0.45752437126239043
de,it,0.8173989125679645,0.6606749684172533
de,ja,0.668741939343979,0.23321323288568624
de,jv,0.7162393162393162,0.5241935483870969
de,ka,0.8682586034820537,0.6705411729187108
de,kk,0.7981092175643737,0.5277572168763879
de,ko,0.7354987250266135,0.4780144222706691
de,ml,0.8725978647686833,0.6606156274664562
de,mr,0.8475920679886686,0.6501901140684411
de,ms,0.7726265553093574,0.6072186836518046
de,my,0.6998827667057445,0.4658385093167702
de,nl,0.8874099778955625,0.7422158653317197
de,pt,0.8185887637645444,0.7092171812485846
de,ru,0.8132870416482876,0.5784624679051502
de,sw,0.7250846853271528,0.524458700882117
de,ta,0.8162621692033457,0.5896043444530643
de,te,0.8657178217821783,0.5902255639097745
de,th,0.2906736412953512,0.03252240213802861
de,tl,0.7073552425665102,0.5805869074492099
de,tr,0.8624127485842223,0.6992154065620542
de,ur,0.8010741993236523,0.599820143884892
de,vi,0.7532776930023979,0.5537868220234676
de,yo,0.5173824130879345,0.26609442060085836
de,zh,0.6883172190451231,0.277405799131531
el,af,0.9250963833302736,0.7536329841162556
el,ar,0.7203496601390552,0.4789460518635871
el,bg,0.9173386614342801,0.7986885245901639
el,bn,0.76587938546205,0.6236741620704285
el,de,0.9047696948008793,0.6882794836262855
el,el,0.9750550746567569,0.9142577965963684
el,en,0.7726110062580709,0.536505999593248
el,es,0.8605916460694244,0.7446376340591485
el,et,0.8936054354417534,0.7079890809827115
el,eu,0.8810881918461091,0.6156030488716187
el,fa,0.7741564225309826,0.5388667608891173
el,fi,0.9075253117594964,0.7398279796384062
el,fr,0.8276898270301964,0.649447949526814
el,he,0.8448141378627891,0.5619505842347068
el,hi,0.809228650137741,0.6630644538788112
el,hu,0.9281128930534283,0.7770559680182753
el,id,0.6637378256585854,0.4710955511911878
el,it,0.8540716205237173,0.6522544313844062
el,ja,0.7207190437568972,0.26277372262773724
el,jv,0.7487179487179487,0.4622222222222222
el,ka,0.9209822693724664,0.7513757637861019
el,kk,0.8575693494215698,0.5709638064253761
el,ko,0.8617334686703142,0.6060789659699081
el,ml,0.8923843416370106,0.6944114149821641
el,mr,0.8745042492917847,0.6813271604938271
el,ms,0.6490540310209647,0.4337762537505358
el,my,0.8558030480656507,0.6139240506329114
el,nl,0.8871841798778314,0.7067760099769472
el,pt,0.807655114327604,0.6533192007223334
el,ru,0.8630743180751007,0.6562610575977983
el,sw,0.7329292208949902,0.5436491518411254
el,ta,0.851090086384204,0.6106090373280942
el,te,0.8787128712871287,0.5923933922397234
el,th,0.3974986559966199,0.0364388709439061
el,tl,0.5707578806170356,0.4226415094339622
el,tr,0.9038588173317529,0.7649637187373384
el,ur,0.7941117962999801,0.5728551974580118
el,vi,0.7577309956089814,0.5307048294634387
el,yo,0.43149284253578735,0.21105527638190955
el,zh,0.7754654112185397,0.3170563342237162
en,af,0.9157334312465577,0.7405764966740576
en,ar,0.6829260705230903,0.4103089404244858
en,bg,0.9051350769304396,0.7783681980224659
en,bn,0.7567071772529237,0.662533215234721
en,de,0.9214764071366495,0.7468638766976535
en,el,0.9115022586172367,0.7245628447365333
en,en,0.9292241978742426,0.8346769971730709
en,es,0.8509847813583299,0.7216008050470256
en,et,0.8946326250262985,0.7304156192968563
en,eu,0.8424752806202219,0.5974152171800602
en,fa,0.6966957450002502,0.3981951009883971
en,fi,0.909523923502238,0.7435048650817534
en,fr,0.873116388155966,0.7713432835820895
en,he,0.815988916958683,0.5017144919689587
en,hi,0.8131887052341598,0.669818754925138
en,hu,0.9201504640057663,0.7700256629597947
en,id,0.699400772051104,0.4939375629405841
en,it,0.9042684832197988,0.7740634005763689
en,ja,0.6884764196726543,0.18010155911097506
en,jv,0.7196581196581197,0.497991967871486
en,ka,0.8706243300188519,0.6345845118874703
en,kk,0.806194800348302,0.41167434715821816
en,ko,0.808419775703711,0.48189649135093493
en,ml,0.8530960854092526,0.5861486486486486
en,mr,0.8351274787535411,0.5795323878880797
en,ms,0.7668314300323845,0.588583509513742
en,my,0.8241500586166471,0.4705882352941176
en,nl,0.924963753476101,0.7930119098866407
en,pt,0.865349221698849,0.7678491910345852
en,ru,0.837675550306635,0.6314347677205797
en,sw,0.7867712604742378,0.630268968285829
en,ta,0.8126971068147538,0.5292207792207793
en,te,0.8402227722772277,0.4971977582065653
en,th,0.2526852478089986,0.03286761592798093
en,tl,0.7902973395931142,0.7015130674002751
en,tr,0.8993151586988015,0.7496545125970022
en,ur,0.7515416749552417,0.5144404332129964
en,vi,0.8290461212668556,0.6530131628748056
en,yo,0.623721881390593,0.4205607476635514
en,zh,0.6904839902284703,0.2516563955675144
es,af,0.9149990820635212,0.767070835992342
es,ar,0.7454075998195704,0.5110099643252553
es,bg,0.9201622358881099,0.813131142558006
es,bn,0.7560192616372392,0.6323466323466324
es,de,0.9048923879147283,0.715413924489089
es,el,0.9146843498965264,0.7559977975300873
es,en,0.8417105393861131,0.6526488976637052
es,es,0.9504888930342459,0.9052249344361508
es,et,0.9043228592997785,0.7305364368968975
es,eu,0.8895310596176449,0.660044681216704
es,fa,0.7180791620102414,0.47273636818409204
es,fi,0.9165729194092725,0.7580110497237569
es,fr,0.901817648783348,0.8028553275778302
es,he,0.8297030164033669,0.5586699349888097
es,hi,0.827995867768595,0.685539403213466
es,hu,0.9376633030002703,0.8002335646080925
es,id,0.7038263369566973,0.5185940303376284
es,it,0.9046309605649647,0.7827527826807391
es,ja,0.6841020595391631,0.20101722045800738
es,jv,0.7846153846153846,0.6
es,ka,0.8995551941251124,0.6902720558215492
es,kk,0.8423933325040428,0.5712115457652868
es,ko,0.820686752655163,0.5116171157734248
es,ml,0.8580782918149467,0.6109375
es,mr,0.8640226628895185,0.6562737642585551
es,ms,0.6972899267087097,0.5080946450809465
es,my,0.7854630715123095,0.4428571428571429
es,nl,0.9199486606612317,0.7993248581483876
es,pt,0.9183485666157157,0.8523472132762474
es,ru,0.8560451913089259,0.6450900506415871
es,sw,0.7960420752362275,0.6558177379983727
es,ta,0.8342245989304813,0.5658914728682171
es,te,0.8650990099009901,0.573161485974223
es,th,0.45700686900026644,0.032973472469517005
es,tl,0.774200760116253,0.6411526339486717
es,tr,0.917173712630054,0.7879999999999999
es,ur,0.8080366023473244,0.5674832962138084
es,vi,0.8095823860982218,0.6362685125563425
es,yo,0.5378323108384458,0.33175355450236965
es,zh,0.7041959547364776,0.25037101702313397
et,af,0.9325316688085185,0.7792792792792792
et,ar,0.763061703815464,0.5236475542597991
et,bg,0.915029551817377,0.7808386483919121
et,bn,0.7422609493235497,0.6363238512035011
et,de,0.9159040948826747,0.721904629113218
et,el,0.9163755312757293,0.7306702561463242
et,en,0.8305229959272872,0.6192444111808922
et,es,0.8556949431827015,0.7404222351346117
et,et,0.9763003848866998,0.9262318632380405
et,eu,0.9141264381449413,0.6935466666666666
et,fa,0.6474738545193736,0.4029477891581314
et,fi,0.9362837789319993,0.8116021343549049
et,fr,0.8541776605101143,0.7275282976991937
et,he,0.8416126290790132,0.5650971545011281
et,hi,0.7959710743801653,0.6443319049474096
et,hu,0.9381588431390215,0.8094565254850605
et,id,0.8625006056886276,0.7077444416893958
et,it,0.9152427973251672,0.7849299234214709
et,ja,0.7116445732672082,0.255269717577019
et,jv,0.8307692307692308,0.6722689075630252
et,ka,0.9126775835089146,0.7227053890355646
et,kk,0.8581913173280259,0.5778834720570749
et,ko,0.8286460525338549,0.5622413026374303
et,ml,0.8649110320284698,0.6294498381877023
et,mr,0.8552407932011331,0.6231430805316653
et,ms,0.742116925174706,0.5449299258037923
et,my,0.8569753810082064,0.6423841059602649
et,nl,0.9153495115632353,0.7729804006653649
et,pt,0.8674860404903765,0.7608622807997321
et,ru,0.8847877744418674,0.7057571816999645
et,sw,0.7922980923515778,0.5999208547685003
et,ta,0.8361442479089538,0.5743215876873228
et,te,0.8683168316831683,0.563721657544957
et,th,0.39348477610716714,0.028957723741297545
et,tl,0.7744243237200984,0.6438848920863309
et,tr,0.8998287896747004,0.7401043700521851
et,ur,0.7310523174855779,0.46473388143660754
et,vi,0.7890131107720096,0.582392077982361
et,yo,0.5644171779141104,0.2821576763485477
et,zh,0.7477513314177142,0.3361438679245283
eu,af,0.9300532403157702,0.7784974093264249
eu,ar,0.7614751675973309,0.5056328694499669
eu,bg,0.907121150486947,0.7785910952924585
eu,bn,0.6860811740426508,0.5546737213403881
eu,de,0.9068043556055416,0.7021276595744681
eu,el,0.9176772958899841,0.7402376910016978
eu,en,0.82571769146717,0.6077636910207816
eu,es,0.8904226709571111,0.7921183825274986
eu,et,0.9163273640830167,0.7657817109144541
eu,eu,0.9742400879869745,0.9079327891056852
eu,fa,0.7066368655446766,0.45616386713023077
eu,fi,0.929043299265181,0.7824646792401811
eu,fr,0.8901788331867487,0.7702758183107529
eu,he,0.8341502031502847,0.5446704520951628
eu,hi,0.8183539944903582,0.6440281030444965
eu,hu,0.9341832597531309,0.7983253834803199
eu,id,0.7489864810298322,0.5650826446280992
eu,it,0.906543341041185,0.7629808211291426
eu,ja,0.7391870869952534,0.14414782994101805
eu,jv,0.8085470085470086,0.6224066390041494
eu,ka,0.8988651905518796,0.6847792528558196
eu,kk,0.8886677447443712,0.6180327868852459
eu,ko,0.8247592404624564,0.5130353495135547
eu,ml,0.8666192170818505,0.6273062730627307
eu,mr,0.8688385269121813,0.6368584758942457
eu,ms,0.7664905403102097,0.5782312925170068
eu,my,0.8053927315357562,0.4743083003952569
eu,nl,0.9144582035985074,0.7613554950565983
eu,pt,0.8768599681816764,0.7696217670802811
eu,ru,0.8723089400816745,0.6763151849299334
eu,sw,0.7981814940274559,0.638314785373609
eu,ta,0.8376525435348965,0.5540211210398049
eu,te,0.8754950495049505,0.575609756097561
eu,th,0.6840354470052767,0.040056789372274616
eu,tl,0.7433489827856025,0.5857142857142856
eu,tr,0.9177663637560911,0.7951720150332466
eu,ur,0.7845633578675154,0.5707905314872712
eu,vi,0.7935286973311326,0.5993273986152325
eu,yo,0.48466257668711654,0.2352941176470588
eu,zh,0.7539053359665298,0.21598928739459303
fa,af,0.8714888929686065,0.5808403361344537
fa,ar,0.826305392667714,0.6378351661930063
fa,bg,0.8521451987269987,0.6772686679947791
fa,bn,0.7507452419169915,0.6339590443686006
fa,de,0.9047594703747253,0.68874321880651
fa,el,0.8813168962371214,0.6619151163727148
fa,en,0.701462699910599,0.41337695383496914
fa,es,0.8087954110898662,0.6633982922743801
fa,et,0.8202789500389837,0.5690814583257605
fa,eu,0.8453542661821632,0.5484312032239493
fa,fa,0.9709105465948327,0.9375601264373081
fa,fi,0.8399195768208909,0.6164664310954064
fa,fr,0.7617707417179713,0.5782363247031341
fa,he,0.8054996099980208,0.48132337246531487
fa,hi,0.8021694214876033,0.6344249809596344
fa,hu,0.8573858005225696,0.6451052116909927
fa,id,0.5985334259363946,0.35046627629581434
fa,it,0.7764139741266171,0.5687951629553164
fa,ja,0.7245416229009054,0.12124894336432797
fa,jv,0.7076923076923077,0.4484304932735426
fa,ka,0.827375891768011,0.5776780279975655
fa,kk,0.8126632665754447,0.48731744811683325
fa,ko,0.7420964028420766,0.40351692103516923
fa,ml,0.8641992882562277,0.6188411509657076
fa,mr,0.853257790368272,0.6626139817629179
fa,ms,0.607124595193455,0.37259292431706226
fa,my,0.7432590855803048,0.48466257668711654
fa,nl,0.8409550067739405,0.6209093322210003
fa,pt,0.7552016720217113,0.6017171756772651
fa,ru,0.7953584996940765,0.533075160041097
fa,sw,0.6794437511142806,0.42693773824650577
fa,ta,0.817221993692582,0.5483110761979577
fa,te,0.87240099009901,0.5797534553604781
fa,th,0.6497755790250339,0.010345358049380818
fa,tl,0.48893360160965793,0.3231939163498098
fa,tr,0.8242855261424997,0.5960554049984944
fa,ur,0.8448378754724488,0.6897187644075611
fa,vi,0.6938120893151879,0.43112487100103203
fa,yo,0.40081799591002043,0.18072289156626506
fa,zh,0.7815445381454685,0.20434958254780503
fi,af,0.940058747934643,0.7976615784345568
fi,ar,0.7596242086761755,0.49842709482371206
fi,bg,0.9221842023402168,0.7945604005277224
fi,bn,0.7342352671405641,0.607843137254902
fi,de,0.9224681764735955,0.7377618769135506
fi,el,0.929048265426467,0.7650019661816752
fi,en,0.8348688785139565,0.616435267209999
fi,es,0.8997341789861494,0.812615809185886
fi,et,0.9429971659468089,0.8302892473882453
fi,eu,0.8952890307415274,0.6290186553317815
fi,fa,0.7532900772271612,0.48499165071478023
fi,fi,0.9710859522726729,0.9061120309050772
fi,fr,0.8897537379067723,0.7561759976611606
fi,he,0.8438944317030862,0.5717216739184265
fi,hi,0.8359159779614325,0.7010469174098488
fi,hu,0.9494436435714929,0.8371657475808969
fi,id,0.7455784730185906,0.5602050877538947
fi,it,0.9142803574776577,0.7862393833416601
fi,ja,0.6839391844278098,0.2211239886289088
fi,jv,0.811965811965812,0.6419753086419753
fi,ka,0.9183085055261894,0.7480317955349332
fi,kk,0.8894141062321185,0.6433915211970075
fi,ko,0.8556185477681777,0.5993761443005358
fi,ml,0.8744483985765125,0.6448784376245517
fi,mr,0.8647308781869688,0.6427191966010042
fi,ms,0.7446735980910175,0.5136000000000001
fi,my,0.8499413833528722,0.6027397260273972
fi,nl,0.9252608561310104,0.7956186208613393
fi,pt,0.8796050784540038,0.771421194349157
fi,ru,0.8618933109463709,0.6526548672566371
fi,sw,0.765733642360492,0.5454545454545455
fi,ta,0.8487590840532017,0.6116088819633814
fi,te,0.8784653465346535,0.5970496894409938
fi,th,0.2912743043895702,0.03133500375357077
fi,tl,0.7301587301587301,0.5567733450241121
fi,tr,0.9311471091795075,0.8142929402413469
fi,ur,0.7533320071613289,0.4775736864587783
fi,vi,0.7960823393852574,0.585101758545742
fi,yo,0.5030674846625767,0.2976744186046511
fi,zh,0.7059649385535516,0.2705747310536291
fr,af,0.9163759867817147,0.767219387755102
fr,ar,0.7769050100325084,0.5237592397043296
fr,bg,0.9105190112703693,0.7913562848130998
fr,bn,0.7411144232974088,0.6286701208981001
fr,de,0.911568938193344,0.7328457220615751
fr,el,0.9179777031086584,0.7531183807954812
fr,en,0.8322365153471739,0.6343949851199899
fr,es,0.9212019462450839,0.8514342235410485
fr,et,0.9158075814016806,0.7631268641187486
fr,eu,0.8597599767093302,0.6338650778397078
fr,fa,0.806698580554768,0.5609745851711825
fr,fi,0.9248545920199143,0.7780580075662044
fr,fr,0.95064497214893,0.8971878176410798
fr,he,0.8425323352387162,0.5867042849585611
fr,hi,0.8353994490358126,0.7026406429391504
fr,hu,0.9374943688620596,0.8051779048662716
fr,id,0.7425258023355353,0.5445360906113106
fr,it,0.9085682144865946,0.7854579385587137
fr,ja,0.6845275292178006,0.182292065925642
fr,jv,0.7914529914529914,0.6333333333333334
fr,ka,0.9052107591271454,0.7183981866263695
fr,kk,0.815897499689016,0.4722222222222222
fr,ko,0.8277548090015596,0.5245799841308172
fr,ml,0.8592170818505338,0.6061575369852059
fr,mr,0.8715297450424929,0.6831721470019342
fr,ms,0.7247315493437873,0.558985200845666
fr,my,0.8171160609613131,0.49218749999999994
fr,nl,0.9246191143964062,0.8033145603902859
fr,pt,0.9023926131578126,0.8284964379452568
fr,ru,0.86883706370324,0.6729092916143276
fr,sw,0.793367801747192,0.6441495778045838
fr,ta,0.8261346496640615,0.5492679066086269
fr,te,0.8790841584158415,0.6060606060606062
fr,th,0.5279986252540205,0.018522616623882448
fr,tl,0.774871450927789,0.6502683363148479
fr,tr,0.9172790728302384,0.7857522971582644
fr,ur,0.8171871891784365,0.6092834610184769
fr,vi,0.8406153654510915,0.6792560567746146
fr,yo,0.48466257668711654,0.30939226519337015
fr,zh,0.7238185715221684,0.20490005252263108
he,af,0.9067376537543602,0.7160321341250436
he,ar,0.8041872112737397,0.5836832139622952
he,bg,0.9084611519226627,0.7658594411515666
he,bn,0.7466177482228846,0.5783132530120482
he,de,0.8867338070650784,0.646058498979669
he,el,0.9261109503994304,0.7504978889508485
he,en,0.7399548028210986,0.5075291150508123
he,es,0.7986133781031883,0.6588477366255144
he,et,0.8775540512109699,0.6681854342952195
he,eu,0.8307113358708662,0.5363280704205673
he,fa,0.7270862175370707,0.4341988190568632
he,fi,0.894755738528926,0.7124639494075541
he,fr,0.8047053649956024,0.6296806613713729
he,he,0.9571812752482625,0.8649600920399799
he,hi,0.8336776859504132,0.6641984450203627
he,hu,0.8969614379673845,0.6976944624003447
he,id,0.6732027199457303,0.4718099526719662
he,it,0.8419598775076558,0.64142643939989
he,ja,0.6911356051641382,0.2798661957004842
he,jv,0.7299145299145299,0.49789029535864976
he,ka,0.8974482189282766,0.6963016678752719
he,kk,0.8407762159472572,0.5531754979331079
he,ko,0.8557794667392865,0.6004529278550631
he,ml,0.8751601423487545,0.6271829916476842
he,mr,0.8674220963172804,0.636767976278725
he,ms,0.6328617692176581,0.4372659176029963
he,my,0.839390386869871,0.5847176079734221
he,nl,0.8692748318398973,0.6927606511950122
he,pt,0.7885329257260505,0.6372552944473358
he,ru,0.8399948775594417,0.591901951201173
he,sw,0.703690497414869,0.49956933677863913
he,ta,0.8432743726861374,0.5705728191688506
he,te,0.8667079207920793,0.5561151079136691
he,th,0.2632748908637724,0.04550487061751706
he,tl,0.577241225128549,0.42662779397473277
he,tr,0.8682338996444093,0.6767133382461311
he,ur,0.7549234135667396,0.40958959772450226
he,vi,0.7297810719068232,0.5191500411130827
he,yo,0.4458077709611452,0.2555555555555556
he,zh,0.7292191200007487,0.31721311475409836
hi,af,0.874150908757114,0.5781959766385464
hi,ar,0.8102844877198986,0.5839544426764928
hi,bg,0.8993204278433156,0.7502566559441517
hi,bn,0.7972941985783077,0.6948561464690497
hi,de,0.8932569909513829,0.6588800114650138
hi,el,0.8974610026925388,0.6768986083499006
hi,en,0.8168024237608026,0.60014164305949
hi,es,0.849601268479224,0.729941133779534
hi,et,0.876106085170105,0.6593192868719611
hi,eu,0.8761497072492209,0.6028851184692428
hi,fa,0.7944056177338915,0.6060579646981913
hi,fi,0.8925417075564279,0.6987850270384156
hi,fr,0.8521547933157432,0.6933363988197878
hi,he,0.8252907552068175,0.5388829598007826
hi,hi,0.9454201101928374,0.8904164981803477
hi,hu,0.9022547076313181,0.7092520382842965
hi,id,0.6769660652851582,0.41987152748811213
hi,it,0.8705205924629711,0.7031028037383177
hi,ja,0.7598389863184907,0.22925263640531865
hi,jv,0.7589743589743589,0.4727272727272727
hi,ka,0.8726327332766545,0.6553651127029967
hi,kk,0.833436994651076,0.5038045654785742
hi,ko,0.849714059366722,0.5577057916140794
hi,ml,0.8745907473309609,0.6590461174615688
hi,mr,0.8923512747875354,0.7222438644331906
hi,ms,0.7806374637804671,0.5584872471416007
hi,my,0.8335287221570926,0.5916398713826366
hi,nl,0.8796377724431346,0.6811825364442301
hi,pt,0.8354649530523754,0.7056385391413154
hi,ru,0.813500476671552,0.5624461670973299
hi,sw,0.7689427705473346,0.6218842416561048
hi,ta,0.8520499108734403,0.6027397260273973
hi,te,0.8746287128712872,0.5858427845131012
hi,th,0.626606694949858,0.0360686773730252
hi,tl,0.7073552425665102,0.5652374366067312
hi,tr,0.8869616752271829,0.7259049605243557
hi,ur,0.8223592599960214,0.7102539981185324
hi,vi,0.7374108560929277,0.4994658347933848
hi,yo,0.48466257668711654,0.3132530120481928
hi,zh,0.8006523712806881,0.3241185897435897
hu,af,0.9410684780613181,0.8035421449655625
hu,ar,0.7484095752127047,0.5256908733642711
hu,bg,0.9264674212150942,0.8127994524298425
hu,bn,0.6691125888557671,0.5212121212121211
hu,de,0.9256888707121312,0.7538097090124809
hu,el,0.9214490754133381,0.7514446227929374
hu,en,0.8384449190424158,0.630506482055971
hu,es,0.9002782570846741,0.8174356522432067
hu,et,0.9287278937663206,0.7962169246572917
hu,eu,0.9221595626529798,0.7063418948299369
hu,fa,0.6422197387953897,0.40782822828012266
hu,fi,0.9398980348979152,0.821100133328775
hu,fr,0.8991791263559074,0.7944539950668958
hu,he,0.8296098816023842,0.5539263603779733
hu,hi,0.8200757575757576,0.6731745411948458
hu,hu,0.9769461212721867,0.9266268026732324
hu,id,0.7194288760034242,0.5250874196958608
hu,it,0.9104930941816136,0.782439446366782
hu,ja,0.7191866881174296,0.25566802106123626
hu,jv,0.8085470085470086,0.6390041493775933
hu,ka,0.9178402888157814,0.7347832769750998
hu,kk,0.8721233984326409,0.6211278792692612
hu,ko,0.8438219493476592,0.571518478374882
hu,ml,0.8627758007117438,0.634166325276526
hu,mr,0.8711048158640227,0.664316490403447
hu,ms,0.8435316175217317,0.6892123287671232
hu,my,0.8464243845252052,0.6382978723404256
hu,nl,0.9314049390345353,0.8118726077850796
hu,pt,0.8814143556789469,0.7868041237113401
hu,ru,0.8394684045020561,0.6004431878963857
hu,sw,0.7906935282581565,0.6330759853718
hu,ta,0.8373783079665432,0.5827922077922078
hu,te,0.8878712871287129,0.6297633373445649
hu,th,0.322650674208851,0.04871539037166375
hu,tl,0.7513972725240331,0.5988398036590807
hu,tr,0.9300144870275253,0.8115419296663661
hu,ur,0.7346329818977522,0.5308697611536727
hu,vi,0.7906324935380399,0.613239017724368
hu,yo,0.4887525562372188,0.2524271844660194
hu,zh,0.7427860091163505,0.30685281397846337
id,af,0.9356526528364237,0.8055009823182712
id,ar,0.6915431397862842,0.4571659120455462
id,bg,0.9119068699002177,0.7928725994049229
id,bn,0.7028204540243064,0.5950338600451469
id,de,0.9201063340320025,0.7349096162655484
id,el,0.9202474465386413,0.7572753437799807
id,en,0.8627197774908115,0.6992761116856256
id,es,0.8910755646753409,0.786478288633461
id,et,0.9177134512332463,0.7636888622838832
id,eu,0.8810774091286486,0.670453772365467
id,fa,0.6876553300085066,0.47061549870226177
id,fi,0.9329208454007994,0.787116775749225
id,fr,0.890647903840516,0.7849268841394825
id,he,0.8251976204058349,0.5285899686999007
id,hi,0.7999311294765841,0.6610169491525423
id,hu,0.938102531759618,0.8002660784931556
id,id,0.9693279278988258,0.9305819374892074
id,it,0.912680457471408,0.7791529053097666
id,ja,0.6965902594035447,0.17493933377454224
id,jv,0.9196581196581196,0.8546255506607929
id,ka,0.8690471789943198,0.6186405510830774
id,kk,0.8993655927354148,0.640973630831643
id,ko,0.8098556680612977,0.4683063077042439
id,ml,0.8429893238434164,0.5611967361740706
id,mr,0.8318696883852691,0.5812244897959183
id,ms,0.8355207090506221,0.6747091770788454
id,my,0.7831184056271981,0.3818181818181818
id,nl,0.9209706937941198,0.7834291291616962
id,pt,0.881383161244034,0.7810988186761674
id,ru,0.8558175272841104,0.6575537858076785
id,sw,0.8151185594580139,0.714046822742475
id,ta,0.817221993692582,0.5463203463203463
id,te,0.8488861386138614,0.47782805429864256
id,th,0.4843283687976806,0.013883337330455405
id,tl,0.7531857813547954,0.6601671309192201
id,tr,0.9285657842749901,0.817323063508211
id,ur,0.7614879649890591,0.5354025218234724
id,vi,0.857447603624926,0.7230226528964258
id,yo,0.6359918200408998,0.3677130044843049
id,zh,0.7096386218773691,0.20813116948301827
it,af,0.9418028272443547,0.822538860103627
it,ar,0.764897108459971,0.5224278806069701
it,bg,0.9176138403005432,0.8058120586637697
it,bn,0.7152029351066269,0.6060078363082281
it,de,0.9268851285721589,0.761547544627353
it,el,0.9309285920915018,0.7792915531335151
it,en,0.8434861428429522,0.6456384039098421
it,es,0.9096364003793002,0.8346301196729728
it,et,0.9232949271685458,0.7828275765627185
it,eu,0.8629516610776248,0.6099716202270381
it,fa,0.7365769853051557,0.4997635323960617
it,fi,0.9263744943631969,0.782411423233469
it,fr,0.9072559366754618,0.8223080094449233
it,he,0.8558855373295924,0.6113242729587263
it,hi,0.8099173553719008,0.6674225245653818
it,hu,0.9424948193530949,0.8206577949389781
it,id,0.7950995752103759,0.6020568107963452
it,it,0.9658896318980064,0.9145130676011097
it,ja,0.6755860180026858,0.18430836522689997
it,jv,0.7777777777777778,0.5849802371541502
it,ka,0.8928769452556093,0.6944245215356157
it,kk,0.8630426669983828,0.6146609172873383
it,ko,0.8183843735300671,0.5062593550142876
it,ml,0.8476868327402135,0.5984126984126984
it,mr,0.8553824362606233,0.6257197696737045
it,ms,0.841315834327595,0.7113183552352692
it,my,0.7995310668229777,0.44528301886792454
it,nl,0.9348632139376798,0.8234106234899572
it,pt,0.9016907383722744,0.825654586763008
it,ru,0.8377466953143898,0.5745572131990886
it,sw,0.7892672490640043,0.6491935483870968
it,ta,0.8194158782394076,0.5501799280287886
it,te,0.8608910891089109,0.5624755189972581
it,th,0.5544940162289393,0.019904760335480894
it,tl,0.7551978537894031,0.5979744605900483
it,tr,0.9173976030554458,0.7991454513085278
it,ur,0.7879450964790133,0.5969062784349409
it,vi,0.8204820777926567,0.6597686165879095
it,yo,0.5705521472392638,0.38095238095238093
it,zh,0.7033582613416198,0.246752840286689
ja,af,0.8810354323480815,0.61033185083818
ja,ar,0.60028619869033,0.28384499245093103
ja,bg,0.8548969873896294,0.6427406199021207
ja,bn,0.6867690896583353,0.543572044866264
ja,de,0.8751393078063494,0.5784870683211243
ja,el,0.8723269320634638,0.6064867501219314
ja,en,0.7682402900566206,0.4776699029126214
ja,es,0.7784513982807132,0.552368032557954
ja,et,0.8612056483051372,0.6077297626293365
ja,eu,0.8612048608490311,0.48424925270177055
ja,fa,0.5563858355711975,0.2900833333333333
ja,fi,0.8745542018717537,0.6212705424325234
ja,fr,0.7954265611257696,0.5601871709884968
ja,he,0.7935317880717604,0.42982557025110213
ja,hi,0.7580922865013774,0.5566502463054187
ja,hu,0.8738625101360483,0.6274022652539276
ja,id,0.6592476539660491,0.3799459122113584
ja,it,0.827723267295794,0.557261190060035
ja,ja,0.8998151866083418,0.6690689057347792
ja,jv,0.7264957264957265,0.4322033898305085
ja,ka,0.8561342549809633,0.5748903111540474
ja,kk,0.7949993780320935,0.3826446280991736
ja,ko,0.8104374520337683,0.48659398939304654
ja,ml,0.826049822064057,0.5414612281488121
ja,mr,0.8079320113314448,0.5170012290045063
ja,ms,0.6686551900460201,0.3850403739906502
ja,my,0.8264947245017585,0.5683453237410072
ja,nl,0.8530530268818483,0.5934132645317954
ja,pt,0.760301962129956,0.5355758797085725
ja,ru,0.7703581439690377,0.4351791027474014
ja,sw,0.709573899090747,0.4588382783117426
ja,ta,0.8143425202248732,0.5314861460957179
ja,te,0.8518564356435644,0.5002174858634187
ja,th,0.7214389428329542,0.1033175822012207
ja,tl,0.6659959758551308,0.4730700179533214
ja,tr,0.8327143421572502,0.5705329153605017
ja,ur,0.6188581659041178,0.31569892473118283
ja,vi,0.6844383544579739,0.4171804526834113
ja,yo,0.4049079754601227,0.19178082191780818
ja,zh,0.882601248584345,0.5891666666666667
ka,af,0.8827795116577932,0.6190003310162198
ka,ar,0.7884618375822432,0.5350170308216333
ka,bg,0.9222918810270154,0.7969125214408234
ka,bn,0.7555606512267828,0.630453378956373
ka,de,0.8839732120034763,0.6170258620689655
ka,el,0.9171988695787623,0.7335992732730361
ka,en,0.7581578424555478,0.4881804307274886
ka,es,0.8143294626062896,0.6487814543293046
ka,et,0.8916871898320607,0.6918883794808852
ka,eu,0.8828996883794654,0.5606716614585293
ka,fa,0.7140426667556252,0.4515587630596232
ka,fi,0.9049881519423634,0.714612030179276
ka,fr,0.7760627381999413,0.5497228063467788
ka,he,0.8326600463345635,0.5400517712137868
ka,hi,0.8641528925619835,0.71356783919598
ka,hu,0.9178079106225786,0.7358007367128574
ka,id,0.661508891509053,0.43589966904720434
ka,it,0.8286607087057059,0.5833824395992928
ka,ja,0.7516719628777705,0.16002000944890643
ka,jv,0.7145299145299145,0.45132743362831856
ka,ka,0.9650439261203317,0.8866582054536364
ka,kk,0.8524692125886304,0.5474452554744527
ka,ko,0.8577723863045578,0.6046764545948886
ka,ml,0.8953736654804271,0.7040523945968072
ka,mr,0.8963172804532578,0.7092977638289525
ka,ms,0.6292824271348219,0.398970398970399
ka,my,0.8663540445486518,0.6666666666666666
ka,nl,0.8623939343521974,0.6334048376359198
ka,pt,0.7805003587360015,0.597735444877974
ka,ru,0.8697050327978486,0.669489879171685
ka,sw,0.6778391870208593,0.45447019867549665
ka,ta,0.871383518442342,0.6573258606885508
ka,te,0.8866336633663366,0.5929411764705882
ka,th,0.67548900439698,0.01562922259255923
ka,tl,0.5577911915940085,0.36792025373810605
ka,tr,0.8824838667193468,0.6881782665316162
ka,ur,0.7785955838472249,0.5385656292286873
ka,vi,0.6873189872629317,0.41007050950085644
ka,yo,0.4335378323108384,0.22222222222222218
ka,zh,0.7788770228657538,0.24965114804008626
kk,af,0.9181200660914265,0.6934189406099519
kk,ar,0.7727831267206918,0.4978882191331448
kk,bg,0.8900002392859707,0.7132019237282395
kk,bn,0.6918138041733547,0.5353448275862068
kk,de,0.8992689535299832,0.6392192528333566
kk,el,0.8978837980373395,0.6453601810661048
kk,en,0.7960415218039137,0.5202627589691764
kk,es,0.7935612243311726,0.5792902638762512
kk,et,0.8931846589854338,0.6745898190997055
kk,eu,0.8732060253825169,0.601418918918919
kk,fa,0.6863876703417677,0.433809619641779
kk,fi,0.899052155389071,0.6932814685911216
kk,fr,0.8225153913808267,0.5923085271878731
kk,he,0.8022981012142449,0.42898885321597346
kk,hi,0.7952823691460055,0.5750295391886568
kk,hu,0.907074961708262,0.705732396307014
kk,id,0.6540791110106117,0.3974318822424053
kk,it,0.8492219236297731,0.6093963594503201
kk,ja,0.7416268896836898,0.16158823898975938
kk,jv,0.7247863247863248,0.45528455284552843
kk,ka,0.862233393708646,0.5821461752864665
kk,kk,0.9574573951984078,0.8430873621713317
kk,ko,0.793974203451093,0.443296127876533
kk,ml,0.8572241992882562,0.5674684060334284
kk,mr,0.8584985835694051,0.5804687500000001
kk,ms,0.7128004090676666,0.41225626740947074
kk,my,0.8065650644783119,0.5114754098360657
kk,nl,0.8793406697882252,0.6465350089766607
kk,pt,0.7972517702841813,0.6051252394549463
kk,ru,0.8346305439747292,0.5723956946715856
kk,sw,0.7195578534498128,0.4834905660377358
kk,ta,0.8158508158508159,0.48470209339774556
kk,te,0.8707920792079208,0.531585220500596
kk,th,0.6152760764245253,0.02097146267886238
kk,tl,0.6552649228705567,0.4531049250535331
kk,tr,0.8757144738575003,0.6824387777215921
kk,ur,0.8002784961209469,0.5844625112917795
kk,vi,0.7251720594188907,0.4241169208713313
kk,yo,0.5030674846625767,0.22317596566523606
kk,zh,0.7906140900964985,0.2694746232516647
ko,af,0.9019643840646228,0.6848381601362862
ko,ar,0.7402124714190167,0.4988243059279732
ko,bg,0.9162738388648274,0.7703160850655798
ko,bn,0.7452419169915158,0.624734381640459
ko,de,0.8871530085373959,0.6399970503650174
ko,el,0.9106789203142037,0.6948036862076976
ko,en,0.7596975265719678,0.5147958816329469
ko,es,0.7643986382502448,0.5737566732228153
ko,et,0.8805861168520971,0.6846665922868087
ko,eu,0.8729903710333078,0.5909984787206412
ko,fa,0.6692075459109635,0.43101626875132054
ko,fi,0.9034921850690538,0.727691544404281
ko,fr,0.7544854881266491,0.5383524964561349
ko,he,0.8428466651920323,0.5410873217285628
ko,hi,0.8383264462809917,0.6908529525279814
ko,hu,0.9017028561131634,0.7207143861622837
ko,id,0.6604590312212298,0.46036110347355885
ko,it,0.8330604337228923,0.6163939428615021
ko,ja,0.7179003071359242,0.2377034023668639
ko,jv,0.7247863247863248,0.48214285714285715
ko,ka,0.9159674219741495,0.7350330500472144
ko,kk,0.8391590993904714,0.5317589576547231
ko,ko,0.9598569058995371,0.884873691746497
ko,ml,0.8916725978647687,0.6895450917797287
ko,mr,0.8712464589235127,0.6575133485888635
ko,ms,0.6282597579682972,0.4235611510791367
ko,my,0.8651817116060961,0.6195286195286196
ko,nl,0.8647945238038647,0.6586272279105043
ko,pt,0.7464984246810369,0.5594136729544635
ko,ru,0.8199177563710355,0.5609170887763264
ko,sw,0.6865751470850419,0.46408839779005523
ko,ta,0.8674071027012203,0.609697933227345
ko,te,0.8716584158415842,0.5641025641025641
ko,th,0.5880160618257321,0.05405066623212205
ko,tl,0.5045830538788285,0.37595517065715744
ko,tr,0.8776899776109575,0.6998068063605292
ko,ur,0.7390093495126318,0.48195876288659795
ko,vi,0.7045249291520039,0.4643790574150578
ko,yo,0.4274028629856851,0.17543859649122806
ko,zh,0.7652352561282654,0.2764005581450583
ml,af,0.9088489076555902,0.6827077317933911
ml,ar,0.7801558538520166,0.5170129232782594
ml,bg,0.8929793496207318,0.7367270242569184
ml,bn,0.7931667048842008,0.7110132158590308
ml,de,0.9008230663054037,0.6710167027199545
ml,el,0.8937003493624691,0.6664591681904836
ml,en,0.8071173139962253,0.5866084425036391
ml,es,0.7953799996890982,0.641837854790654
ml,et,0.8756605571575313,0.6637155504783664
ml,eu,0.8929383983351484,0.6383397767889708
ml,fa,0.6668056644371424,0.39520711521040935
ml,fi,0.8846669379353264,0.6842196672340131
ml,fr,0.8297859865142188,0.6540095492311742
ml,he,0.8191555001920905,0.5034287150396726
ml,hi,0.8448691460055097,0.693567718737515
ml,hu,0.9007343003874223,0.717480602464628
ml,id,0.7184436225025439,0.4028675617437428
ml,it,0.858021373664146,0.6629542790152403
ml,ja,0.755674037042454,0.1994399185336049
ml,jv,0.7418803418803419,0.45378151260504196
ml,ka,0.8700328983846524,0.6717339300871981
ml,kk,0.8562010200273665,0.5613057324840764
ml,ko,0.8324709726932884,0.5583021742140978
ml,ml,0.9518861209964413,0.8573804573804574
ml,mr,0.8841359773371105,0.6866614048934492
ml,ms,0.7695585478097835,0.5711775043936732
ml,my,0.8593200468933178,0.6312056737588653
ml,nl,0.8813847360540014,0.6865008557590765
ml,pt,0.792011105218829,0.6330672748004561
ml,ru,0.8143257587615077,0.5629566629296013
ml,sw,0.7461223034408986,0.5943238731218699
ml,ta,0.8456053750171397,0.5991154000804182
ml,te,0.8961633663366336,0.6387771520514883
ml,th,0.6283598113823291,0.01984854759510146
ml,tl,0.6896937178627319,0.5834879406307978
ml,tr,0.8831687080205453,0.7270966780872933
ml,ur,0.8434453948677143,0.7130191320578629
ml,vi,0.734327800442216,0.500397539440097
ml,yo,0.5807770961145194,0.42857142857142855
ml,zh,0.8005681339560655,0.2995646240821366
mr,af,0.9151826693592804,0.6769736842105262
mr,ar,0.770527756606679,0.469595810178707
mr,bg,0.8973582828838745,0.7375736721970496
mr,bn,0.7624398073836276,0.6459309757136771
mr,de,0.9086856500178927,0.6957873802205748
mr,el,0.9037695542846971,0.681809172711777
mr,en,0.7842455547829542,0.5463981731368072
mr,es,0.8246669464782602,0.6882420680617877
mr,et,0.8962909792953232,0.714889047959914
mr,eu,0.9037318985130632,0.648384083691388
mr,fa,0.7393291411605758,0.4679220404631423
mr,fi,0.9066037961655377,0.7472954818638196
mr,fr,0.8132365875109938,0.6311964702828964
mr,he,0.8281313666367859,0.5235472710583916
mr,hi,0.8662190082644629,0.7304825421734014
mr,hu,0.9109942337147491,0.7382725636228866
mr,id,0.6955889716214688,0.4746899949040258
mr,it,0.8614086619586275,0.692115935558284
mr,ja,0.7185484835994734,0.15649791174065808
mr,jv,0.8,0.5454545454545455
mr,ka,0.8638475092103155,0.6628306622900174
mr,kk,0.8477422564995646,0.5461194636326696
mr,ko,0.8562622236526131,0.5833417602049416
mr,ml,0.8892526690391459,0.6891566265060242
mr,mr,0.9600566572237961,0.8821414302836597
mr,ms,0.6591102778251235,0.39982766049116764
mr,my,0.8440797186400938,0.5874587458745876
mr,nl,0.8857224348156775,0.7007030588581735
mr,pt,0.8004180054278317,0.6539377641183249
mr,ru,0.8242149148394258,0.5603005443532929
mr,sw,0.7013727937243716,0.5074380165289256
mr,ta,0.8679555738379268,0.6304176516942475
mr,te,0.8847772277227722,0.6033217458478176
mr,th,0.4864961161849538,0.003154267967195613
mr,tl,0.5767940979208585,0.40670289855072467
mr,tr,0.893059396812854,0.7480186652840529
mr,ur,0.8333001790332206,0.612628750559785
mr,vi,0.7093363644856903,0.46744028392550946
mr,yo,0.48057259713701433,0.25327510917030566
mr,zh,0.7824524293108451,0.24094854965064574
ms,af,0.9219753993023683,0.7681638044914135
ms,ar,0.6805929290258357,0.4482710345793084
ms,bg,0.9101361537173076,0.787175425304773
ms,bn,0.6033019949552855,0.4492420762517226
ms,de,0.9131230509687643,0.7206608024029177
ms,el,0.9036471661585705,0.7091762421103738
ms,en,0.8450382437667627,0.6568286039375236
ms,es,0.8890547031665346,0.8004496908375492
ms,et,0.908431617637959,0.7430838593327321
ms,eu,0.8971975717320279,0.6457187191423331
ms,fa,0.6565309492435741,0.3971534145340085
ms,fi,0.9310897819478685,0.7831119478436706
ms,fr,0.8833919671650542,0.773387675006604
ms,he,0.8097139597424823,0.4996704021094266
ms,hi,0.768767217630854,0.5860655737704917
ms,hu,0.9290589242274079,0.7876156181599944
ms,id,0.8844830649459726,0.7491803976667945
ms,it,0.8992687957002687,0.7615475139746986
ms,ja,0.7007086729334805,0.04232324377432642
ms,jv,0.852991452991453,0.6923076923076923
ms,ka,0.8493820771571853,0.5738364460254944
ms,kk,0.8670232615997014,0.6159905474596297
ms,ko,0.7879583096081004,0.41419745799394003
ms,ml,0.805693950177936,0.4834254143646409
ms,mr,0.8004249291784703,0.5422594142259414
ms,ms,0.9814215101414693,0.9540126239855726
ms,my,0.7655334114888629,0.32487309644670054
ms,nl,0.9118437002353053,0.7677284862670518
ms,pt,0.8850173129113766,0.7853943672663781
ms,ru,0.8160047809445211,0.565092434363834
ms,sw,0.7967552148333036,0.6512570965125711
ms,ta,0.7775949540655424,0.4468085106382979
ms,te,0.8469059405940594,0.49056603773584906
ms,th,0.6258089639113414,0.010228603117875407
ms,tl,0.7574334898278561,0.6499302649930264
ms,tr,0.9184380350322665,0.8017491640024987
ms,ur,0.6749552416948478,0.4188733750601829
ms,vi,0.8143003955030986,0.6326199875337628
ms,yo,0.4662576687116564,0.2583732057416268
ms,zh,0.6654233861532558,0.044656961106604616
my,af,0.7093813108132917,0.006020469596628538
my,ar,0.40797312220995163,0.0046545810877021065
my,bg,0.6307697829676246,0.00602446671174771
my,bn,0.18275624856684247,0.0
my,de,0.7050764275855017,0.006034598363953332
my,el,0.7016622532766639,0.0016898379291804288
my,en,0.5076115029303665,0.004441702652683529
my,es,0.4219403379502246,0.0029653592128319178
my,et,0.6493818298825539,0.003728944323003729
my,eu,0.7032380500533745,0.0031601817104483505
my,fa,0.2924957883675546,0.002187107004210181
my,fi,0.6817300557696451,0.006432490382796241
my,fr,0.4748314277338024,0.004385399200309558
my,he,0.6408954911114474,0.006248828344685371
my,hi,0.42768595041322316,0.002470660901791229
my,hu,0.6834286872691233,0.002450190212134889
my,id,0.3910002745788445,0.004239130434782608
my,it,0.5818886319605024,0.00677381612168237
my,ja,0.7429465104838388,0.0062041400703931274
my,jv,0.5282051282051282,0.0
my,ka,0.6594832366096182,0.010543612214158565
my,kk,0.7007090434133598,0.0016142050040355124
my,ko,0.6675414056891046,0.0042270885927317555
my,ml,0.6260498220640569,0.0029455081001472758
my,mr,0.5848441926345609,0.004013377926421405
my,ms,0.40804499744332706,0.005805515239477504
my,my,0.7397420867526378,0.03896103896103896
my,nl,0.6401849166924156,0.006433401168515723
my,pt,0.4165236921733163,0.005948990570217075
my,ru,0.5619744162552114,0.004634362434403326
my,sw,0.42699233374933143,0.004163775156141568
my,ta,0.6144247908953792,0.0028818443804034585
my,te,0.7178217821782178,0.0
my,th,0.714759127793044,9.214466712739e-05
my,tl,0.23340040241448692,0.0026791694574681848
my,tr,0.6097589885420782,0.004156383945967008
my,ur,0.2347324447980903,0.0
my,vi,0.35729189374357695,0.0038899294049848723
my,yo,0.26789366053169733,0.055555555555555546
my,zh,0.7467732424818188,0.012037833190025795
nl,af,0.9529098586377822,0.844211216792391
nl,ar,0.7724098240811311,0.5324963072378139
nl,bg,0.9236558110597975,0.8189640512872837
nl,bn,0.7635863334097684,0.645602049530316
nl,de,0.9390317468432084,0.7927005753414987
nl,el,0.9296379536705311,0.7823228923296243
nl,en,0.8579889738750373,0.6714696453947586
nl,es,0.9042577997481696,0.8206224756474222
nl,et,0.9242231105280745,0.7838314068226669
nl,eu,0.8813577597826204,0.6394945575661848
nl,fa,0.7672176538288326,0.5295815295815295
nl,fi,0.9336867804399339,0.8067594841446311
nl,fr,0.8897830548226326,0.7935592585658117
nl,he,0.8398430678603443,0.5776619295865171
nl,hi,0.8357438016528925,0.707440592130892
nl,hu,0.9431705559059375,0.8257142857142857
nl,id,0.7152294348521312,0.5023887161598545
nl,it,0.9240672457971377,0.8136279793120909
nl,ja,0.7124057651141456,0.22189265536723163
nl,jv,0.811965811965812,0.6345381526104418
nl,ka,0.9124557966460898,0.7336005549988438
nl,kk,0.8423933325040428,0.541890853189854
nl,ko,0.8383878394771371,0.5683819807659861
nl,ml,0.8713167259786477,0.6398373983739838
nl,mr,0.8562322946175638,0.6432084752175558
nl,ms,0.7782512357252429,0.5580286168521461
nl,my,0.8159437280187574,0.4772727272727273
nl,nl,0.9710146649870464,0.9144178874325366
nl,pt,0.8911626165892005,0.8105663790179749
nl,ru,0.8729919321561206,0.6799584311612332
nl,sw,0.7864146906756998,0.6378466557911908
nl,ta,0.8365556012614837,0.5833003561535417
nl,te,0.8653465346534653,0.5594459407464409
nl,th,0.26816690551301514,0.04445273631840796
nl,tl,0.7730829420970265,0.6395348837209301
nl,tr,0.924654286843145,0.8035752746069352
nl,ur,0.8261388502088721,0.6589967786470318
nl,vi,0.8317866151785992,0.6645732689210951
nl,yo,0.5132924335378323,0.30243902439024395
nl,zh,0.7300100148819274,0.29440605556670585
pt,af,0.910592986965302,0.7545336787564766
pt,ar,0.7349395716352211,0.4983701258510419
pt,bg,0.9170634825680171,0.8025258323765786
pt,bn,0.7541848199954139,0.6485776805251641
pt,de,0.8988088543530495,0.7061215903513077
pt,el,0.9116580253232159,0.7502086562537259
pt,en,0.8468635144531638,0.6590796960826235
pt,es,0.9196629824806852,0.8576462579585952
pt,et,0.9060925955719465,0.7313890750079345
pt,eu,0.8783170334587723,0.663994610980128
pt,fa,0.7321735359364836,0.48613819415006354
pt,fi,0.9176141123530961,0.7592154210348326
pt,fr,0.9080914687774846,0.8226848528356066
pt,he,0.8299242115557004,0.5504322766570605
pt,hi,0.8338498622589532,0.6982524271844661
pt,hu,0.9341607352013694,0.7963104768534633
pt,id,0.7140342092936863,0.5303786082263472
pt,it,0.9077182676082745,0.7883517595201965
pt,ja,0.6889716929704431,0.21394390046381506
pt,jv,0.788034188034188,0.6255144032921811
pt,ka,0.9003684126221367,0.7005601699826155
pt,kk,0.8295807936310486,0.5317611259033853
pt,ko,0.8214294555987424,0.5123365704677258
pt,ml,0.8576512455516014,0.6186234817813765
pt,mr,0.8630311614730878,0.661221314663555
pt,ms,0.8201806715527526,0.6771053745239103
pt,my,0.7889800703399765,0.5156794425087108
pt,nl,0.9169063294749602,0.7851042269832079
pt,pt,0.9539570140686902,0.9134243850185547
pt,ru,0.8721097340599611,0.6791899710703954
pt,sw,0.7985380638259939,0.6734527687296417
pt,ta,0.828739887563417,0.5634028892455859
pt,te,0.8517326732673267,0.5467904098994586
pt,th,0.36212890135409326,0.019157452291184828
pt,tl,0.7679409792085848,0.6333333333333333
pt,tr,0.9173185829053075,0.777157578359811
pt,ur,0.7984881639148598,0.5709140027014857
pt,vi,0.8279250101211423,0.6703023889951569
pt,yo,0.5276073619631901,0.25112107623318386
pt,zh,0.7436283823625761,0.2769867202254264
ru,af,0.8864512575729759,0.6607958251793868
ru,ar,0.7014045511813473,0.43219169983841094
ru,bg,0.9326170706611472,0.8244646222374508
ru,bn,0.6730107773446458,0.5486802250108178
ru,de,0.8754358161648178,0.6095607690950785
ru,el,0.9223280446827923,0.7508172186995392
ru,en,0.7600451971789014,0.5052788393030636
ru,es,0.7565483685429588,0.5685816596605948
ru,et,0.883791443387003,0.6833694866232828
ru,eu,0.8273794761755858,0.46470796460176994
ru,fa,0.5785031608093006,0.31766113865618056
ru,fi,0.8955456090380335,0.7033575631706472
ru,fr,0.7827469950161243,0.5688271950445912
ru,he,0.8239053750422017,0.5349129420211811
ru,hi,0.8038911845730028,0.6438461538461538
ru,hu,0.9066582575006757,0.7130715740675704
ru,id,0.6365545200523315,0.3920154323576281
ru,it,0.8322604837197675,0.591056617381897
ru,ja,0.7204232093709697,0.2003870859162436
ru,jv,0.7094017094017094,0.4322033898305085
ru,ka,0.9071082689535357,0.7177796519205704
ru,kk,0.833436994651076,0.5381026438569206
ru,ko,0.8241526997251999,0.5268306219431822
ru,ml,0.8573665480427046,0.6018937834499795
ru,mr,0.8546742209631728,0.6206098031648013
ru,ms,0.6250213056076359,0.3704974271012007
ru,my,0.8534583821805393,0.6096654275092938
ru,nl,0.8513298314833742,0.6138964085905071
ru,pt,0.7698630564307327,0.5897445431896776
ru,ru,0.9602441696666145,0.8967539771814237
ru,sw,0.6776609021215902,0.4653061224489796
ru,ta,0.8347730700671877,0.5707395498392283
ru,te,0.8695544554455445,0.544950495049505
ru,th,0.4033208313429471,0.030789594843462248
ru,tl,0.5640509725016767,0.39890460976722963
ru,tr,0.833227973133149,0.6138563973366924
ru,ur,0.681320867316491,0.4833549502810203
ru,vi,0.7044937871757342,0.4581286787091537
ru,yo,0.39263803680981596,0.18285714285714286
ru,zh,0.7502082533858725,0.24677898909811694
sw,af,0.8828713053056728,0.6188747731397459
sw,ar,0.7064441368154174,0.4105922551252847
sw,bg,0.8631523533775215,0.6710006206919081
sw,bn,0.7445540013758313,0.5888795282224094
sw,de,0.8760288328817545,0.6180145083288555
sw,el,0.8716482342731258,0.6039450354609929
sw,en,0.8167900069534121,0.5765669396623767
sw,es,0.7735702404825195,0.5707525912573231
sw,et,0.8673564100342809,0.6356039158167616
sw,eu,0.8332344917566125,0.5404576249520645
sw,fa,0.688989708605074,0.40590642805553323
sw,fi,0.8713827521003374,0.6178851001724824
sw,fr,0.8305922017003812,0.6353111957902376
sw,he,0.7829144207597472,0.4192711111111111
sw,hi,0.7894283746556474,0.5806932538203503
sw,hu,0.8831201009099919,0.6301222625285503
sw,id,0.6645938655855798,0.3814080656185919
sw,it,0.8641209924379726,0.6543456543456544
sw,ja,0.6991065136748614,0.11663143842474134
sw,jv,0.7213675213675214,0.4489795918367347
sw,ka,0.8453159846720635,0.5316304873962096
sw,kk,0.7997263341211593,0.4741223307998552
sw,ko,0.7756665758918625,0.40479681950011404
sw,ml,0.8156583629893238,0.5167938931297709
sw,mr,0.7985835694050991,0.4945996275605214
sw,ms,0.777910346003068,0.5406070549630844
sw,my,0.7667057444314185,0.3860759493670886
sw,nl,0.8705345470967129,0.6435059197738116
sw,pt,0.8205696103815079,0.6483981900452489
sw,ru,0.7669004965921541,0.42898303276064453
sw,sw,0.9397397040470672,0.8814663951120162
sw,ta,0.8022761552173316,0.47238095238095235
sw,te,0.8329207920792079,0.46953125
sw,th,0.293473582647931,0.03290115208205424
sw,tl,0.7663760339816678,0.6431159420289856
sw,tr,0.8431450019755038,0.5909028727770177
sw,ur,0.6749552416948478,0.36890122967076555
sw,vi,0.7764317523590047,0.5245783422138536
sw,yo,0.5398773006134969,0.2698412698412698
sw,zh,0.7158768637508073,0.1766223343269892
ta,af,0.8795667339820085,0.6685275645498954
ta,ar,0.7828778522654803,0.5217182047888341
ta,bg,0.9005527505922328,0.7514589769996568
ta,bn,0.8199954138958955,0.7471466198419666
ta,de,0.8644241091968713,0.6053069834573109
ta,el,0.9050156879325307,0.6968624488010499
ta,en,0.6775727624913083,0.3985429447852761
ta,es,0.7592376688585242,0.5689304595363969
ta,et,0.855933566823014,0.6343211883822334
ta,eu,0.8369976601503111,0.5797891943686886
ta,fa,0.7633479558987873,0.5105827898169577
ta,fi,0.8672658512649896,0.6687870146962053
ta,fr,0.730328349457637,0.5044130093096361
ta,he,0.8243361234967461,0.5030810329474622
ta,hi,0.8546831955922864,0.7431781701444623
ta,hu,0.8723083160645103,0.6603855317305609
ta,id,0.6011500008075849,0.3913001356326294
ta,it,0.7865883382288607,0.5406122051082083
ta,ja,0.7565116804722714,0.2537232438950859
ta,jv,0.7145299145299145,0.46376811594202894
ta,ka,0.8599908820956395,0.659752935793808
ta,kk,0.842517726085334,0.5317919075144509
ta,ko,0.8514594112841334,0.589990976608593
ta,ml,0.9086120996441281,0.7398508699254349
ta,mr,0.8803116147308782,0.6955494289090194
ta,ms,0.6076359297767172,0.355023923444976
ta,my,0.8604923798358733,0.6223776223776224
ta,nl,0.8265752382763293,0.5856193168793458
ta,pt,0.7258009171163864,0.5428363988383349
ta,ru,0.807951166066677,0.5383333979002828
ta,sw,0.6207880192547691,0.4060283687943262
ta,ta,0.9577677224736049,0.874493927125506
ta,te,0.9086633663366337,0.6650717703349283
ta,th,0.6177796275888816,0.0259595336681056
ta,tl,0.4276771741560474,0.2505091649694501
ta,tr,0.837389701040432,0.6369359120212362
ta,ur,0.7696439228167893,0.5390519187358916
ta,vi,0.6750801905888948,0.40928341521260375
ta,yo,0.3619631901840491,0.189873417721519
ta,zh,0.8065911026665793,0.3428515292422555
te,af,0.8771800991371397,0.5586885245901639
te,ar,0.7773871926086078,0.47914589564639415
te,bg,0.8700078964370319,0.6746710080043413
te,bn,0.6938775510204082,0.5498929336188436
te,de,0.8935739481621594,0.6339798067843394
te,el,0.8786911146220432,0.6079892208924467
te,en,0.7471689679149697,0.47370256696428575
te,es,0.7737412364563416,0.5681152629729413
te,et,0.8720468299444327,0.6485037005255818
te,eu,0.8872882543858703,0.6039218593616784
te,fa,0.7610127933547945,0.5004485071120413
te,fi,0.8837693578113406,0.6688870779151755
te,fr,0.7507768982703019,0.5139302544769087
te,he,0.8113671024599229,0.46968656230794265
te,hi,0.7978650137741047,0.624512099921936
te,hu,0.8942922785836562,0.670009602048437
te,id,0.6393649152843506,0.3855993223210504
te,it,0.825798387600775,0.5828473156871542
te,ja,0.7569172062597227,0.17677935217166638
te,jv,0.7230769230769231,0.41048034934497823
te,ka,0.8452543772101677,0.5977359075754052
te,kk,0.8676452295061575,0.5429385429385428
te,ko,0.814027182927735,0.47867054994003777
te,ml,0.8718861209964412,0.6341859520909461
te,mr,0.8706798866855524,0.6312500000000001
te,ms,0.6178626214419636,0.3547400611620795
te,my,0.8241500586166471,0.5192307692307693
te,nl,0.8557031825636394,0.6010258697591435
te,pt,0.7521602146177122,0.5453437904515344
te,ru,0.7704862049829964,0.4365049135369848
te,sw,0.6673203779639865,0.429345560650271
te,ta,0.8362813656931304,0.5609177215189873
te,te,0.9383663366336633,0.7825732899022801
te,th,0.656985112699216,0.014608647488489633
te,tl,0.5083836351441985,0.3046237533998186
te,tr,0.860661135256157,0.6618577294417933
te,ur,0.7986870897155361,0.6088154269972452
te,vi,0.6508205910747096,0.36746562538944044
te,yo,0.44171779141104295,0.2842639593908629
te,zh,0.8108778465195945,0.27678223607323726
th,af,0.6618322012116762,0.12850752338348922
th,ar,0.4299202065607939,0.06532585772336814
th,bg,0.6268454930487426,0.21441301820999614
th,bn,0.45975693648245813,0.2733423545331529
th,de,0.6556822248351312,0.15678196657598137
th,el,0.6891786644117581,0.2415049504950495
th,en,0.5649771530744016,0.1284655990773189
th,es,0.5330877209345707,0.17119652992478424
th,et,0.6410158038686682,0.14872630585813534
th,eu,0.6976310369739381,0.11769211130967577
th,fa,0.38306673560956084,0.05644027040515403
th,fi,0.6611694870628785,0.14809085728242286
th,fr,0.5633391967165055,0.16267438799684128
th,he,0.6207201648485977,0.14956756327858448
th,hi,0.5163567493112947,0.21357466063348418
th,hu,0.6663776015857285,0.17098935426856837
th,id,0.5007349022014763,0.12143276570757489
th,it,0.6081369914380351,0.15633724176437744
th,ja,0.7728291074443898,0.18060021436227225
th,jv,0.6239316239316239,0.10778443113772457
th,ka,0.6593230572086891,0.17579606194892414
th,kk,0.657171289961438,0.10827464788732395
th,ko,0.684920654568861,0.1718570272227666
th,ml,0.6475444839857651,0.19447186574531097
th,mr,0.5997167138810199,0.163527397260274
th,ms,0.5358786432589058,0.198226395409494
th,my,0.7174677608440797,0.19999999999999998
th,nl,0.6300953105316949,0.16018421603516853
th,pt,0.5227251458339832,0.19770656755654262
th,ru,0.5685339859702044,0.17452421158322304
th,sw,0.5004457122481726,0.10348583877995643
th,ta,0.6355409296585767,0.1873857404021938
th,te,0.6722772277227723,0.14903846153846154
th,th,0.9136653218750148,0.7172656894897709
th,tl,0.32170802593337805,0.09464788732394365
th,tr,0.6466218885815883,0.158693733451015
th,ur,0.37000198925800676,0.13428943937418514
th,vi,0.4460153841362773,0.12329480370717485
th,yo,0.3067484662576687,0.0994475138121547
th,zh,0.8044383710373358,0.2231207338811356
tl,af,0.8432164494217,0.5256723716381418
tl,ar,0.6807484717923193,0.34037707199797546
tl,bg,0.880153621593166,0.7217491213841578
tl,bn,0.7058014216922724,0.5996393146979261
tl,de,0.8513266192934922,0.5910503007469098
tl,el,0.8643049467055341,0.6202595782827298
tl,en,0.8348688785139565,0.6394820223171235
tl,es,0.770476767865193,0.6035554846938775
tl,et,0.866873754687326,0.6509156997064169
tl,eu,0.8264629451914471,0.5488369062357464
tl,fa,0.6331126048738178,0.324729392173189
tl,fi,0.885385002034515,0.6700463009902329
tl,fr,0.8384931105247728,0.6819719487627807
tl,he,0.7803066463322351,0.4350692643899548
tl,hi,0.790633608815427,0.6184262554369316
tl,hu,0.8808113343544464,0.6490335007222948
tl,id,0.7589359262190493,0.5192396458394528
tl,it,0.8751328041997375,0.689766791731038
tl,ja,0.6964672720745636,0.1309643840095921
tl,jv,0.7606837606837606,0.5
tl,ka,0.8674207420002711,0.6139607233132413
tl,kk,0.8124144794128623,0.46923076923076923
tl,ko,0.7950016091897111,0.4180282521299746
tl,ml,0.8086832740213523,0.4948453608247423
tl,mr,0.8420679886685553,0.5906693711967546
tl,ms,0.8244417930799386,0.6510807234230259
tl,my,0.7608440797186401,0.3542435424354244
tl,nl,0.8718536828845103,0.6542879849721841
tl,pt,0.8409863680319432,0.711751916695274
tl,ru,0.7777003087693336,0.5161113718129204
tl,sw,0.8587983597789267,0.7476552032157213
tl,ta,0.7921294391882627,0.47379454926624737
tl,te,0.8233910891089109,0.44745484400656815
tl,th,0.30874871314632374,0.0419560070367578
tl,tl,0.9722781131231836,0.9567723342939481
tl,tr,0.8449097853285922,0.6209775240813413
tl,ur,0.709966182613885,0.4569536423841059
tl,vi,0.7492292360873221,0.5188627434413418
tl,yo,0.6053169734151329,0.44339622641509435
tl,zh,0.7276981683061746,0.18992345338185468
ur,af,0.9004038920506701,0.6589709762532981
ur,ar,0.7588931576737024,0.4712469007438215
ur,bg,0.8919025627527458,0.745183619190507
ur,bn,0.7888099059848659,0.6875275451740854
ur,de,0.8903634783497776,0.6609007952504855
ur,el,0.8825741560782394,0.6617319325055715
ur,en,0.7871759213271083,0.5531066405554567
ur,es,0.83027872343733,0.7094189998381615
ur,et,0.8590027597985224,0.6356435643564357
ur,eu,0.8255787623596899,0.5229800348385367
ur,fa,0.7781095191233133,0.5703619814605092
ur,fi,0.8685463989085426,0.6539520793169925
ur,fr,0.836748754031076,0.6910474415715505
ur,he,0.8027172078186665,0.47455000176124557
ur,hi,0.8448691460055097,0.7089201877934274
ur,hu,0.882027660149563,0.672448725695802
ur,id,0.6779836221795099,0.41602877818212236
ur,it,0.8492719205049685,0.6684348122608268
ur,ja,0.7031551235856457,0.22201385318048455
ur,jv,0.7589743589743589,0.5267857142857143
ur,ka,0.8351137889821215,0.6097421203438396
ur,kk,0.8150267446199776,0.46277820414428245
ur,ko,0.8031960983338697,0.4835418798903892
ur,ml,0.8479715302491103,0.6154434250764526
ur,mr,0.8558073654390935,0.6409966024915063
ur,ms,0.7758650076700188,0.5859305431878896
ur,my,0.7749120750293084,0.4753086419753087
ur,nl,0.8721507855394196,0.6726487704148676
ur,pt,0.8080138503291013,0.6889326506498621
ur,ru,0.7838330084377979,0.458986038588305
ur,sw,0.7532536994116599,0.5880861850443599
ur,ta,0.8342245989304813,0.5706414797323888
ur,te,0.8391089108910891,0.5179430262671105
ur,th,0.5696288343509922,0.040477304632662615
ur,tl,0.6554884864744019,0.4767547857793984
ur,tr,0.8727248781772685,0.7165695502764082
ur,ur,0.9876666003580664,0.9759686120647376
ur,vi,0.724113232225717,0.503080701452023
ur,yo,0.4539877300613497,0.25925925925925924
ur,zh,0.7287183759043813,0.28735351562499994
vi,af,0.92160822471085,0.7777777777777778
vi,ar,0.7800625281921264,0.5628910180688629
vi,bg,0.9173865186284128,0.8027178036835207
vi,bn,0.7397385920660399,0.6322295805739514
vi,de,0.9147896324318797,0.7212819589485054
vi,el,0.9235630521373417,0.7619240097008892
vi,en,0.8607827555378961,0.6949478308621637
vi,es,0.8982729406643971,0.8176560366294483
vi,et,0.9144957489202133,0.7597680867154021
vi,eu,0.8925178723541907,0.6553796126113389
vi,fa,0.6681066835687955,0.4036277106810937
vi,fi,0.9333397161253261,0.7925247902364606
vi,fr,0.8959396071533274,0.7929896437919655
vi,he,0.8273397208284341,0.5280674846625767
vi,hi,0.8371212121212122,0.7007182761372706
vi,hu,0.9335863591314533,0.7902980589046423
vi,id,0.8944809652253969,0.7716641996193698
vi,it,0.9070683082307356,0.7759811847714244
vi,ja,0.6984018295196182,0.1464793415911547
vi,jv,0.8153846153846154,0.6521739130434782
vi,ka,0.8951440998533743,0.6740082794099915
vi,kk,0.8774723224281628,0.6256938937351308
vi,ko,0.8222835639838586,0.4874235214140041
vi,ml,0.8703202846975089,0.6300653594771243
vi,mr,0.8645892351274788,0.6374896779521058
vi,ms,0.8568263166865518,0.7251512532411409
vi,my,0.813599062133646,0.5060240963855422
vi,nl,0.9167874884129965,0.7786037020842441
vi,pt,0.8916461303303491,0.8070374574347332
vi,ru,0.8516626588312298,0.6488956587966489
vi,sw,0.8234979497236584,0.7054455445544554
vi,ta,0.8281914164267106,0.5563025210084034
vi,te,0.8683168316831683,0.5346449957228401
vi,th,0.5142212111322894,0.05044126299274367
vi,tl,0.8081824279007378,0.7189239332096475
vi,tr,0.9251942578690899,0.8065223749634396
vi,ur,0.7433857171275114,0.5062782521346058
vi,vi,0.9592662950390832,0.9184431667403804
vi,yo,0.5030674846625767,0.304147465437788
vi,zh,0.7005035520071883,0.17089580930411383
zh,af,0.8827795116577932,0.5835429392741646
zh,ar,0.6025260145276944,0.2874678460219324
zh,bg,0.8498600177071618,0.6304526135262098
zh,bn,0.6530612244897959,0.4977934686672551
zh,de,0.883185931189612,0.6028848756719131
zh,el,0.873061260820223,0.5956693908501138
zh,en,0.7679050362570776,0.48115619788771535
zh,es,0.7325156616766932,0.5133034502611342
zh,et,0.8618615645458708,0.5945816159110008
zh,eu,0.8749851737634918,0.5592818559825904
zh,fa,0.5176554968058312,0.27310684305366323
zh,fi,0.8779889418128725,0.6207888090149601
zh,fr,0.770844327176781,0.5378038160082338
zh,he,0.7957553814452193,0.4439285433225781
zh,hi,0.7524104683195593,0.5591666666666667
zh,hu,0.8735584286872691,0.6170705355764778
zh,id,0.6414484841632614,0.3923311546840959
zh,it,0.8304980938691332,0.567849361967009
zh,ja,0.8282731249418304,0.5051194539249146
zh,jv,0.7350427350427351,0.42201834862385323
zh,ka,0.8465111694328417,0.5481567105643397
zh,kk,0.8010946635153626,0.3866266609515645
zh,ko,0.7890599856410764,0.44451240490844457
zh,ml,0.8102491103202847,0.5190279688216415
zh,mr,0.806515580736544,0.5036465036465037
zh,ms,0.6596216124083859,0.40370207139709124
zh,my,0.8405627198124267,0.5758754863813228
zh,nl,0.8554060799087301,0.5963601684812844
zh,pt,0.753844714103004,0.543937356640038
zh,ru,0.7811864141493191,0.4414464756126766
zh,sw,0.7008379390265644,0.4386266094420601
zh,ta,0.7974770327711505,0.4861781483106626
zh,te,0.8398514851485148,0.45793103448275857
zh,th,0.7378744093873709,0.11194165907019142
zh,tl,0.676056338028169,0.5192040721888015
zh,tr,0.8318187804556829,0.581413056546307
zh,ur,0.621842052914263,0.3487044356609574
zh,vi,0.6891875058391206,0.41879976029449534
zh,yo,0.4703476482617587,0.31351351351351353
zh,zh,0.9334712329536414,0.7677354399008673
